id,project_id,template_id,status,file_key,error_message,created_at,completed_at,report_setting_id,tenant_id
f0eda8f0-0f30-4749-9ba6-1f85bc31c3a2,0c36b3be-9ef9-43c1-89da-b11f0d1daef4,f332b29f-c4cd-40b6-ae96-648b18bc1a76,completed,reports/generated/f0eda8f0-0f30-4749-9ba6-1f85bc31c3a2.docx,,2026-02-05 15:26:07.027,2026-02-05 15:26:13.979,,tenant-local-001
f65bfc56-ac3b-409d-b6fa-9d81c421dfc9,0c36b3be-9ef9-43c1-89da-b11f0d1daef4,6fc33560-9807-4828-9233-c16437e303d7,failed,,"/home/ny/PhishSenseDashboard/PhishSenseDashboard/scripts/report/generate_report.py:106: UserWarning: Glyph 47700 (\N{HANGUL SYLLABLE ME}) missing from font(s) DejaVu Sans.
  fig.savefig(chart_path, dpi=150, bbox_inches=""tight"", transparent=True)
/home/ny/PhishSenseDashboard/PhishSenseDashboard/scripts/report/generate_report.py:106: UserWarning: Glyph 51068 (\N{HANGUL SYLLABLE IL}) missing from font(s) DejaVu Sans.
  fig.savefig(chart_path, dpi=150, bbox_inches=""tight"", transparent=True)
/home/ny/PhishSenseDashboard/PhishSenseDashboard/scripts/report/generate_report.py:106: UserWarning: Glyph 48156 (\N{HANGUL SYLLABLE BAL}) missing from font(s) DejaVu Sans.
  fig.savefig(chart_path, dpi=150, bbox_inches=""tight"", transparent=True)
/home/ny/PhishSenseDashboard/PhishSenseDashboard/scripts/report/generate_report.py:106: UserWarning: Glyph 49569 (\N{HANGUL SYLLABLE SONG}) missing from font(s) DejaVu Sans.
  fig.savefig(chart_path, dpi=150, bbox_inches=""tight"", transparent=True)
/home/ny/PhishSenseDashboard/PhishSenseDashboard/scripts/report/generate_report.py:106: UserWarning: Glyph 50676 (\N{HANGUL SYLLABLE YEOL}) missing from font(s) DejaVu Sans.
  fig.savefig(chart_path, dpi=150, bbox_inches=""tight"", transparent=True)
/home/ny/PhishSenseDashboard/PhishSenseDashboard/scripts/report/generate_report.py:106: UserWarning: Glyph 46988 (\N{HANGUL SYLLABLE RAM}) missing from font(s) DejaVu Sans.
  fig.savefig(chart_path, dpi=150, bbox_inches=""tight"", transparent=True)
/home/ny/PhishSenseDashboard/PhishSenseDashboard/scripts/report/generate_report.py:106: UserWarning: Glyph 47553 (\N{HANGUL SYLLABLE RING}) missing from font(s) DejaVu Sans.
  fig.savefig(chart_path, dpi=150, bbox_inches=""tight"", transparent=True)
/home/ny/PhishSenseDashboard/PhishSenseDashboard/scripts/report/generate_report.py:106: UserWarning: Glyph 53356 (\N{HANGUL SYLLABLE KEU}) missing from font(s) DejaVu Sans.
  fig.savefig(chart_path, dpi=150, bbox_inches=""tight"", transparent=True)
/home/ny/PhishSenseDashboard/PhishSenseDashboard/scripts/report/generate_report.py:106: UserWarning: Glyph 53364 (\N{HANGUL SYLLABLE KEUL}) missing from font(s) DejaVu Sans.
  fig.savefig(chart_path, dpi=150, bbox_inches=""tight"", transparent=True)
/home/ny/PhishSenseDashboard/PhishSenseDashboard/scripts/report/generate_report.py:106: UserWarning: Glyph 47533 (\N{HANGUL SYLLABLE RIG}) missing from font(s) DejaVu Sans.
  fig.savefig(chart_path, dpi=150, bbox_inches=""tight"", transparent=True)
/home/ny/PhishSenseDashboard/PhishSenseDashboard/scripts/report/generate_report.py:106: UserWarning: Glyph 44060 (\N{HANGUL SYLLABLE GAE}) missing from font(s) DejaVu Sans.
  fig.savefig(chart_path, dpi=150, bbox_inches=""tight"", transparent=True)
/home/ny/PhishSenseDashboard/PhishSenseDashboard/scripts/report/generate_report.py:106: UserWarning: Glyph 51064 (\N{HANGUL SYLLABLE IN}) missing from font(s) DejaVu Sans.
  fig.savefig(chart_path, dpi=150, bbox_inches=""tight"", transparent=True)
/home/ny/PhishSenseDashboard/PhishSenseDashboard/scripts/report/generate_report.py:106: UserWarning: Glyph 51221 (\N{HANGUL SYLLABLE JEONG}) missing from font(s) DejaVu Sans.
  fig.savefig(chart_path, dpi=150, bbox_inches=""tight"", transparent=True)
/home/ny/PhishSenseDashboard/PhishSenseDashboard/scripts/report/generate_report.py:106: UserWarning: Glyph 48372 (\N{HANGUL SYLLABLE BO}) missing from font(s) DejaVu Sans.
  fig.savefig(chart_path, dpi=150, bbox_inches=""tight"", transparent=True)
/home/ny/PhishSenseDashboard/PhishSenseDashboard/scripts/report/generate_report.py:106: UserWarning: Glyph 51077 (\N{HANGUL SYLLABLE IB}) missing from font(s) DejaVu Sans.
  fig.savefig(chart_path, dpi=150, bbox_inches=""tight"", transparent=True)
/home/ny/PhishSenseDashboard/PhishSenseDashboard/scripts/report/generate_report.py:106: UserWarning: Glyph 47141 (\N{HANGUL SYLLABLE RYEOG}) missing from font(s) DejaVu Sans.
  fig.savefig(chart_path, dpi=150, bbox_inches=""tight"", transparent=True)
보고서 생성 실패: 'w'",2026-02-05 14:42:13.827,2026-02-05 14:42:21.848,,tenant-local-001
b4fdf7ca-8dbc-4749-9525-b00ee9b3bf41,0c36b3be-9ef9-43c1-89da-b11f0d1daef4,6fc33560-9807-4828-9233-c16437e303d7,failed,,"/home/ny/PhishSenseDashboard/PhishSenseDashboard/scripts/report/generate_report.py:106: UserWarning: Glyph 47700 (\N{HANGUL SYLLABLE ME}) missing from font(s) DejaVu Sans.
  fig.savefig(chart_path, dpi=150, bbox_inches=""tight"", transparent=True)
/home/ny/PhishSenseDashboard/PhishSenseDashboard/scripts/report/generate_report.py:106: UserWarning: Glyph 51068 (\N{HANGUL SYLLABLE IL}) missing from font(s) DejaVu Sans.
  fig.savefig(chart_path, dpi=150, bbox_inches=""tight"", transparent=True)
/home/ny/PhishSenseDashboard/PhishSenseDashboard/scripts/report/generate_report.py:106: UserWarning: Glyph 48156 (\N{HANGUL SYLLABLE BAL}) missing from font(s) DejaVu Sans.
  fig.savefig(chart_path, dpi=150, bbox_inches=""tight"", transparent=True)
/home/ny/PhishSenseDashboard/PhishSenseDashboard/scripts/report/generate_report.py:106: UserWarning: Glyph 49569 (\N{HANGUL SYLLABLE SONG}) missing from font(s) DejaVu Sans.
  fig.savefig(chart_path, dpi=150, bbox_inches=""tight"", transparent=True)
/home/ny/PhishSenseDashboard/PhishSenseDashboard/scripts/report/generate_report.py:106: UserWarning: Glyph 50676 (\N{HANGUL SYLLABLE YEOL}) missing from font(s) DejaVu Sans.
  fig.savefig(chart_path, dpi=150, bbox_inches=""tight"", transparent=True)
/home/ny/PhishSenseDashboard/PhishSenseDashboard/scripts/report/generate_report.py:106: UserWarning: Glyph 46988 (\N{HANGUL SYLLABLE RAM}) missing from font(s) DejaVu Sans.
  fig.savefig(chart_path, dpi=150, bbox_inches=""tight"", transparent=True)
/home/ny/PhishSenseDashboard/PhishSenseDashboard/scripts/report/generate_report.py:106: UserWarning: Glyph 47553 (\N{HANGUL SYLLABLE RING}) missing from font(s) DejaVu Sans.
  fig.savefig(chart_path, dpi=150, bbox_inches=""tight"", transparent=True)
/home/ny/PhishSenseDashboard/PhishSenseDashboard/scripts/report/generate_report.py:106: UserWarning: Glyph 53356 (\N{HANGUL SYLLABLE KEU}) missing from font(s) DejaVu Sans.
  fig.savefig(chart_path, dpi=150, bbox_inches=""tight"", transparent=True)
/home/ny/PhishSenseDashboard/PhishSenseDashboard/scripts/report/generate_report.py:106: UserWarning: Glyph 53364 (\N{HANGUL SYLLABLE KEUL}) missing from font(s) DejaVu Sans.
  fig.savefig(chart_path, dpi=150, bbox_inches=""tight"", transparent=True)
/home/ny/PhishSenseDashboard/PhishSenseDashboard/scripts/report/generate_report.py:106: UserWarning: Glyph 47533 (\N{HANGUL SYLLABLE RIG}) missing from font(s) DejaVu Sans.
  fig.savefig(chart_path, dpi=150, bbox_inches=""tight"", transparent=True)
/home/ny/PhishSenseDashboard/PhishSenseDashboard/scripts/report/generate_report.py:106: UserWarning: Glyph 44060 (\N{HANGUL SYLLABLE GAE}) missing from font(s) DejaVu Sans.
  fig.savefig(chart_path, dpi=150, bbox_inches=""tight"", transparent=True)
/home/ny/PhishSenseDashboard/PhishSenseDashboard/scripts/report/generate_report.py:106: UserWarning: Glyph 51064 (\N{HANGUL SYLLABLE IN}) missing from font(s) DejaVu Sans.
  fig.savefig(chart_path, dpi=150, bbox_inches=""tight"", transparent=True)
/home/ny/PhishSenseDashboard/PhishSenseDashboard/scripts/report/generate_report.py:106: UserWarning: Glyph 51221 (\N{HANGUL SYLLABLE JEONG}) missing from font(s) DejaVu Sans.
  fig.savefig(chart_path, dpi=150, bbox_inches=""tight"", transparent=True)
/home/ny/PhishSenseDashboard/PhishSenseDashboard/scripts/report/generate_report.py:106: UserWarning: Glyph 48372 (\N{HANGUL SYLLABLE BO}) missing from font(s) DejaVu Sans.
  fig.savefig(chart_path, dpi=150, bbox_inches=""tight"", transparent=True)
/home/ny/PhishSenseDashboard/PhishSenseDashboard/scripts/report/generate_report.py:106: UserWarning: Glyph 51077 (\N{HANGUL SYLLABLE IB}) missing from font(s) DejaVu Sans.
  fig.savefig(chart_path, dpi=150, bbox_inches=""tight"", transparent=True)
/home/ny/PhishSenseDashboard/PhishSenseDashboard/scripts/report/generate_report.py:106: UserWarning: Glyph 47141 (\N{HANGUL SYLLABLE RYEOG}) missing from font(s) DejaVu Sans.
  fig.savefig(chart_path, dpi=150, bbox_inches=""tight"", transparent=True)
보고서 생성 실패: 'w'",2026-02-05 14:43:03.601,2026-02-05 14:43:21.981,,tenant-local-001
5aa66679-1b49-4efc-af42-12ab79575ac7,0c36b3be-9ef9-43c1-89da-b11f0d1daef4,6fc33560-9807-4828-9233-c16437e303d7,failed,,"/home/ny/PhishSenseDashboard/PhishSenseDashboard/scripts/report/generate_report.py:129: UserWarning: Glyph 47700 (\N{HANGUL SYLLABLE ME}) missing from font(s) DejaVu Sans.
  fig.savefig(chart_path, dpi=150, bbox_inches=""tight"", transparent=True)
/home/ny/PhishSenseDashboard/PhishSenseDashboard/scripts/report/generate_report.py:129: UserWarning: Glyph 51068 (\N{HANGUL SYLLABLE IL}) missing from font(s) DejaVu Sans.
  fig.savefig(chart_path, dpi=150, bbox_inches=""tight"", transparent=True)
/home/ny/PhishSenseDashboard/PhishSenseDashboard/scripts/report/generate_report.py:129: UserWarning: Glyph 48156 (\N{HANGUL SYLLABLE BAL}) missing from font(s) DejaVu Sans.
  fig.savefig(chart_path, dpi=150, bbox_inches=""tight"", transparent=True)
/home/ny/PhishSenseDashboard/PhishSenseDashboard/scripts/report/generate_report.py:129: UserWarning: Glyph 49569 (\N{HANGUL SYLLABLE SONG}) missing from font(s) DejaVu Sans.
  fig.savefig(chart_path, dpi=150, bbox_inches=""tight"", transparent=True)
/home/ny/PhishSenseDashboard/PhishSenseDashboard/scripts/report/generate_report.py:129: UserWarning: Glyph 50676 (\N{HANGUL SYLLABLE YEOL}) missing from font(s) DejaVu Sans.
  fig.savefig(chart_path, dpi=150, bbox_inches=""tight"", transparent=True)
/home/ny/PhishSenseDashboard/PhishSenseDashboard/scripts/report/generate_report.py:129: UserWarning: Glyph 46988 (\N{HANGUL SYLLABLE RAM}) missing from font(s) DejaVu Sans.
  fig.savefig(chart_path, dpi=150, bbox_inches=""tight"", transparent=True)
/home/ny/PhishSenseDashboard/PhishSenseDashboard/scripts/report/generate_report.py:129: UserWarning: Glyph 47553 (\N{HANGUL SYLLABLE RING}) missing from font(s) DejaVu Sans.
  fig.savefig(chart_path, dpi=150, bbox_inches=""tight"", transparent=True)
/home/ny/PhishSenseDashboard/PhishSenseDashboard/scripts/report/generate_report.py:129: UserWarning: Glyph 53356 (\N{HANGUL SYLLABLE KEU}) missing from font(s) DejaVu Sans.
  fig.savefig(chart_path, dpi=150, bbox_inches=""tight"", transparent=True)
/home/ny/PhishSenseDashboard/PhishSenseDashboard/scripts/report/generate_report.py:129: UserWarning: Glyph 53364 (\N{HANGUL SYLLABLE KEUL}) missing from font(s) DejaVu Sans.
  fig.savefig(chart_path, dpi=150, bbox_inches=""tight"", transparent=True)
/home/ny/PhishSenseDashboard/PhishSenseDashboard/scripts/report/generate_report.py:129: UserWarning: Glyph 47533 (\N{HANGUL SYLLABLE RIG}) missing from font(s) DejaVu Sans.
  fig.savefig(chart_path, dpi=150, bbox_inches=""tight"", transparent=True)
/home/ny/PhishSenseDashboard/PhishSenseDashboard/scripts/report/generate_report.py:129: UserWarning: Glyph 44060 (\N{HANGUL SYLLABLE GAE}) missing from font(s) DejaVu Sans.
  fig.savefig(chart_path, dpi=150, bbox_inches=""tight"", transparent=True)
/home/ny/PhishSenseDashboard/PhishSenseDashboard/scripts/report/generate_report.py:129: UserWarning: Glyph 51064 (\N{HANGUL SYLLABLE IN}) missing from font(s) DejaVu Sans.
  fig.savefig(chart_path, dpi=150, bbox_inches=""tight"", transparent=True)
/home/ny/PhishSenseDashboard/PhishSenseDashboard/scripts/report/generate_report.py:129: UserWarning: Glyph 51221 (\N{HANGUL SYLLABLE JEONG}) missing from font(s) DejaVu Sans.
  fig.savefig(chart_path, dpi=150, bbox_inches=""tight"", transparent=True)
/home/ny/PhishSenseDashboard/PhishSenseDashboard/scripts/report/generate_report.py:129: UserWarning: Glyph 48372 (\N{HANGUL SYLLABLE BO}) missing from font(s) DejaVu Sans.
  fig.savefig(chart_path, dpi=150, bbox_inches=""tight"", transparent=True)
/home/ny/PhishSenseDashboard/PhishSenseDashboard/scripts/report/generate_report.py:129: UserWarning: Glyph 51077 (\N{HANGUL SYLLABLE IB}) missing from font(s) DejaVu Sans.
  fig.savefig(chart_path, dpi=150, bbox_inches=""tight"", transparent=True)
/home/ny/PhishSenseDashboard/PhishSenseDashboard/scripts/report/generate_report.py:129: UserWarning: Glyph 47141 (\N{HANGUL SYLLABLE RYEOG}) missing from font(s) DejaVu Sans.
  fig.savefig(chart_path, dpi=150, bbox_inches=""tight"", transparent=True)
보고서 생성 실패: 'w'",2026-02-05 15:04:38.515,2026-02-05 15:04:44.453,,tenant-local-001
f11b55d1-f3ce-4db8-9678-e2c341186c86,0c36b3be-9ef9-43c1-89da-b11f0d1daef4,6fc33560-9807-4828-9233-c16437e303d7,failed,,"/home/ny/PhishSenseDashboard/PhishSenseDashboard/scripts/report/generate_report.py:129: UserWarning: Glyph 47700 (\N{HANGUL SYLLABLE ME}) missing from font(s) DejaVu Sans.
  fig.savefig(chart_path, dpi=150, bbox_inches=""tight"", transparent=True)
/home/ny/PhishSenseDashboard/PhishSenseDashboard/scripts/report/generate_report.py:129: UserWarning: Glyph 51068 (\N{HANGUL SYLLABLE IL}) missing from font(s) DejaVu Sans.
  fig.savefig(chart_path, dpi=150, bbox_inches=""tight"", transparent=True)
/home/ny/PhishSenseDashboard/PhishSenseDashboard/scripts/report/generate_report.py:129: UserWarning: Glyph 48156 (\N{HANGUL SYLLABLE BAL}) missing from font(s) DejaVu Sans.
  fig.savefig(chart_path, dpi=150, bbox_inches=""tight"", transparent=True)
/home/ny/PhishSenseDashboard/PhishSenseDashboard/scripts/report/generate_report.py:129: UserWarning: Glyph 49569 (\N{HANGUL SYLLABLE SONG}) missing from font(s) DejaVu Sans.
  fig.savefig(chart_path, dpi=150, bbox_inches=""tight"", transparent=True)
/home/ny/PhishSenseDashboard/PhishSenseDashboard/scripts/report/generate_report.py:129: UserWarning: Glyph 50676 (\N{HANGUL SYLLABLE YEOL}) missing from font(s) DejaVu Sans.
  fig.savefig(chart_path, dpi=150, bbox_inches=""tight"", transparent=True)
/home/ny/PhishSenseDashboard/PhishSenseDashboard/scripts/report/generate_report.py:129: UserWarning: Glyph 46988 (\N{HANGUL SYLLABLE RAM}) missing from font(s) DejaVu Sans.
  fig.savefig(chart_path, dpi=150, bbox_inches=""tight"", transparent=True)
/home/ny/PhishSenseDashboard/PhishSenseDashboard/scripts/report/generate_report.py:129: UserWarning: Glyph 47553 (\N{HANGUL SYLLABLE RING}) missing from font(s) DejaVu Sans.
  fig.savefig(chart_path, dpi=150, bbox_inches=""tight"", transparent=True)
/home/ny/PhishSenseDashboard/PhishSenseDashboard/scripts/report/generate_report.py:129: UserWarning: Glyph 53356 (\N{HANGUL SYLLABLE KEU}) missing from font(s) DejaVu Sans.
  fig.savefig(chart_path, dpi=150, bbox_inches=""tight"", transparent=True)
/home/ny/PhishSenseDashboard/PhishSenseDashboard/scripts/report/generate_report.py:129: UserWarning: Glyph 53364 (\N{HANGUL SYLLABLE KEUL}) missing from font(s) DejaVu Sans.
  fig.savefig(chart_path, dpi=150, bbox_inches=""tight"", transparent=True)
/home/ny/PhishSenseDashboard/PhishSenseDashboard/scripts/report/generate_report.py:129: UserWarning: Glyph 47533 (\N{HANGUL SYLLABLE RIG}) missing from font(s) DejaVu Sans.
  fig.savefig(chart_path, dpi=150, bbox_inches=""tight"", transparent=True)
/home/ny/PhishSenseDashboard/PhishSenseDashboard/scripts/report/generate_report.py:129: UserWarning: Glyph 44060 (\N{HANGUL SYLLABLE GAE}) missing from font(s) DejaVu Sans.
  fig.savefig(chart_path, dpi=150, bbox_inches=""tight"", transparent=True)
/home/ny/PhishSenseDashboard/PhishSenseDashboard/scripts/report/generate_report.py:129: UserWarning: Glyph 51064 (\N{HANGUL SYLLABLE IN}) missing from font(s) DejaVu Sans.
  fig.savefig(chart_path, dpi=150, bbox_inches=""tight"", transparent=True)
/home/ny/PhishSenseDashboard/PhishSenseDashboard/scripts/report/generate_report.py:129: UserWarning: Glyph 51221 (\N{HANGUL SYLLABLE JEONG}) missing from font(s) DejaVu Sans.
  fig.savefig(chart_path, dpi=150, bbox_inches=""tight"", transparent=True)
/home/ny/PhishSenseDashboard/PhishSenseDashboard/scripts/report/generate_report.py:129: UserWarning: Glyph 48372 (\N{HANGUL SYLLABLE BO}) missing from font(s) DejaVu Sans.
  fig.savefig(chart_path, dpi=150, bbox_inches=""tight"", transparent=True)
/home/ny/PhishSenseDashboard/PhishSenseDashboard/scripts/report/generate_report.py:129: UserWarning: Glyph 51077 (\N{HANGUL SYLLABLE IB}) missing from font(s) DejaVu Sans.
  fig.savefig(chart_path, dpi=150, bbox_inches=""tight"", transparent=True)
/home/ny/PhishSenseDashboard/PhishSenseDashboard/scripts/report/generate_report.py:129: UserWarning: Glyph 47141 (\N{HANGUL SYLLABLE RYEOG}) missing from font(s) DejaVu Sans.
  fig.savefig(chart_path, dpi=150, bbox_inches=""tight"", transparent=True)
보고서 생성 실패: 'w'",2026-02-05 15:06:06.552,2026-02-05 15:06:12.231,,tenant-local-001
26f3337a-e371-4ae9-bcb3-f38681223628,0c36b3be-9ef9-43c1-89da-b11f0d1daef4,f332b29f-c4cd-40b6-ae96-648b18bc1a76,completed,reports/generated/26f3337a-e371-4ae9-bcb3-f38681223628.docx,,2026-02-05 15:34:34.476,2026-02-05 15:34:40.798,,tenant-local-001
3a0572ca-730e-42bf-ac81-85395945deeb,0c36b3be-9ef9-43c1-89da-b11f0d1daef4,f332b29f-c4cd-40b6-ae96-648b18bc1a76,failed,,보고서 생성 실패: 한글 폰트를 찾을 수 없습니다. REPORT_MPL_FONT_PATH를 지정하거나 시스템에 한글 폰트를 설치하세요.,2026-02-05 16:13:28.524,2026-02-05 16:13:42.639,,tenant-local-001
06263e86-b545-45b0-81d6-1d66be8c9c2d,0c36b3be-9ef9-43c1-89da-b11f0d1daef4,f332b29f-c4cd-40b6-ae96-648b18bc1a76,failed,,보고서 생성 실패: 한글 폰트를 찾을 수 없습니다. REPORT_MPL_FONT_PATH를 지정하거나 시스템에 한글 폰트를 설치하세요.,2026-02-05 16:14:25.58,2026-02-05 16:14:32.351,,tenant-local-001
c0b40176-cbfd-46cf-b076-98c6df7ccb10,0c36b3be-9ef9-43c1-89da-b11f0d1daef4,f332b29f-c4cd-40b6-ae96-648b18bc1a76,completed,reports/generated/c0b40176-cbfd-46cf-b076-98c6df7ccb10.docx,,2026-02-05 16:27:27.471,2026-02-05 16:27:33.962,,tenant-local-001
19e34c3f-3d27-410f-8b02-e5fe501bb0cd,f92d536a-f633-4a5d-8ad1-a5df01946926,f332b29f-c4cd-40b6-ae96-648b18bc1a76,completed,reports/generated/19e34c3f-3d27-410f-8b02-e5fe501bb0cd.docx,,2026-02-06 00:53:08.931,2026-02-06 00:53:15.136,,tenant-local-001
23bcf46d-4543-45e8-8c11-59ebf158f767,2ff226e3-2603-40ce-8edc-22474c4a0edc,f332b29f-c4cd-40b6-ae96-648b18bc1a76,completed,reports/generated/23bcf46d-4543-45e8-8c11-59ebf158f767.docx,,2026-02-06 05:28:03.925,2026-02-06 05:28:09.011,,tenant-local-001
52634a80-0965-4da5-899d-0ad2795c35fd,2ff226e3-2603-40ce-8edc-22474c4a0edc,f332b29f-c4cd-40b6-ae96-648b18bc1a76,completed,reports/generated/52634a80-0965-4da5-899d-0ad2795c35fd.docx,,2026-02-06 06:09:00.903,2026-02-06 06:09:05.632,,tenant-local-001
31c89f61-3170-48db-a2a2-71025f4d0919,2ff226e3-2603-40ce-8edc-22474c4a0edc,f332b29f-c4cd-40b6-ae96-648b18bc1a76,failed,,"보고서 생성 실패: Opening and ending tag mismatch: p line 2 and rPr, line 2, column 1509 (<string>, line 2)",2026-02-06 10:06:26.11,2026-02-06 10:06:27.969,,tenant-local-001
b92326ea-9343-48fc-8980-c0e983b94bf5,2ff226e3-2603-40ce-8edc-22474c4a0edc,f332b29f-c4cd-40b6-ae96-648b18bc1a76,failed,,"보고서 생성 실패: Opening and ending tag mismatch: p line 2 and rPr, line 2, column 1509 (<string>, line 2)",2026-02-06 10:06:42.109,2026-02-06 10:06:43.53,,tenant-local-001
a98aca61-dc33-4598-b631-43d7defd6530,0c36b3be-9ef9-43c1-89da-b11f0d1daef4,f332b29f-c4cd-40b6-ae96-648b18bc1a76,completed,reports/generated/a98aca61-dc33-4598-b631-43d7defd6530.docx,,2026-02-23 16:40:06.841,2026-02-23 16:40:10.893,b20b8d56-a445-413e-bee9-37e00cde2e73,tenant-local-001
c6bb704f-2917-475d-b553-b06dab67bbfe,6316594e-4670-4182-9509-588328ef6eeb,f332b29f-c4cd-40b6-ae96-648b18bc1a76,completed,reports/generated/c6bb704f-2917-475d-b553-b06dab67bbfe.docx,,2026-02-23 16:58:52.64,2026-02-23 16:58:56.973,b20b8d56-a445-413e-bee9-37e00cde2e73,tenant-local-001
74b0f00d-fa9e-48f5-ab34-18432f256099,6316594e-4670-4182-9509-588328ef6eeb,f332b29f-c4cd-40b6-ae96-648b18bc1a76,completed,reports/generated/74b0f00d-fa9e-48f5-ab34-18432f256099.docx,,2026-02-23 17:00:51.678,2026-02-23 17:00:54.954,3931e2e1-0ff7-4f76-b0d0-059761defd37,tenant-local-001
40c547b2-0480-4cfc-ab7b-5ddc77624cc3,0c36b3be-9ef9-43c1-89da-b11f0d1daef4,f332b29f-c4cd-40b6-ae96-648b18bc1a76,completed,reports/generated/40c547b2-0480-4cfc-ab7b-5ddc77624cc3.docx,,2026-02-06 10:19:45.56,2026-02-06 10:19:47.104,,tenant-local-001
0cc8eb97-2d25-45ee-b71d-76ac801e7586,2ff226e3-2603-40ce-8edc-22474c4a0edc,f332b29f-c4cd-40b6-ae96-648b18bc1a76,completed,reports/generated/0cc8eb97-2d25-45ee-b71d-76ac801e7586.docx,,2026-02-06 10:23:46.93,2026-02-06 10:23:49.269,,tenant-local-001
ccf4e9f3-8d12-4560-89ae-e78b577fb0cc,2ff226e3-2603-40ce-8edc-22474c4a0edc,f332b29f-c4cd-40b6-ae96-648b18bc1a76,completed,reports/generated/ccf4e9f3-8d12-4560-89ae-e78b577fb0cc.docx,,2026-02-06 10:30:22.253,2026-02-06 10:30:24.783,,tenant-local-001
e97ecdf9-6064-4d20-9c7b-c2b885281207,2ff226e3-2603-40ce-8edc-22474c4a0edc,f332b29f-c4cd-40b6-ae96-648b18bc1a76,completed,reports/generated/e97ecdf9-6064-4d20-9c7b-c2b885281207.docx,,2026-02-06 10:43:17.236,2026-02-06 10:43:21.157,,tenant-local-001
37375652-71a3-4143-b205-54821a460d3b,0c36b3be-9ef9-43c1-89da-b11f0d1daef4,f332b29f-c4cd-40b6-ae96-648b18bc1a76,completed,reports/generated/37375652-71a3-4143-b205-54821a460d3b.docx,,2026-02-06 10:59:27.561,2026-02-06 10:59:30.59,,tenant-local-001
58607e9f-16b9-414c-8161-3430a0c50bb1,0c36b3be-9ef9-43c1-89da-b11f0d1daef4,f332b29f-c4cd-40b6-ae96-648b18bc1a76,completed,reports/generated/58607e9f-16b9-414c-8161-3430a0c50bb1.docx,,2026-02-06 11:06:10.572,2026-02-06 11:06:11.771,,tenant-local-001
1b787735-1db8-4025-b3c9-e0d72c08f50b,9d0d025b-ef1b-4c7d-b980-8266d1c7fc54,f332b29f-c4cd-40b6-ae96-648b18bc1a76,completed,reports/generated/1b787735-1db8-4025-b3c9-e0d72c08f50b.docx,,2026-02-19 05:03:07.256,2026-02-19 05:03:10.211,,tenant-local-001
d3d31d4f-62ef-4970-a87b-15cf383d874e,9d0d025b-ef1b-4c7d-b980-8266d1c7fc54,f332b29f-c4cd-40b6-ae96-648b18bc1a76,completed,reports/generated/d3d31d4f-62ef-4970-a87b-15cf383d874e.docx,,2026-02-19 05:06:27.079,2026-02-19 05:06:29.673,,tenant-local-001
9f35c3bd-4164-4033-b57d-fc23e475a0e6,0c36b3be-9ef9-43c1-89da-b11f0d1daef4,f332b29f-c4cd-40b6-ae96-648b18bc1a76,completed,reports/generated/9f35c3bd-4164-4033-b57d-fc23e475a0e6.docx,,2026-02-19 10:10:21.902,2026-02-19 10:10:25.098,,tenant-local-001
44535c92-23eb-4ae6-851b-e19c1421f245,0c36b3be-9ef9-43c1-89da-b11f0d1daef4,f332b29f-c4cd-40b6-ae96-648b18bc1a76,completed,reports/generated/44535c92-23eb-4ae6-851b-e19c1421f245.docx,,2026-02-19 10:19:16.28,2026-02-19 10:19:19.905,,tenant-local-001
141ccce5-7a78-4034-944e-98d1609efbc1,6316594e-4670-4182-9509-588328ef6eeb,f332b29f-c4cd-40b6-ae96-648b18bc1a76,completed,reports/generated/141ccce5-7a78-4034-944e-98d1609efbc1.docx,,2026-02-19 10:41:07.862,2026-02-19 10:41:11.172,,tenant-local-001
4b831cdc-91c6-4405-a5f3-c1fea0a86519,6316594e-4670-4182-9509-588328ef6eeb,f332b29f-c4cd-40b6-ae96-648b18bc1a76,completed,reports/generated/4b831cdc-91c6-4405-a5f3-c1fea0a86519.docx,,2026-02-25 08:25:45.702,2026-02-25 08:25:50.719,b20b8d56-a445-413e-bee9-37e00cde2e73,tenant-local-001
87aad589-12b2-49fb-8d71-d1f73651e9f7,0c36b3be-9ef9-43c1-89da-b11f0d1daef4,f332b29f-c4cd-40b6-ae96-648b18bc1a76,completed,reports/generated/87aad589-12b2-49fb-8d71-d1f73651e9f7.docx,,2026-02-27 06:55:29.38,2026-02-27 06:55:33.856,b20b8d56-a445-413e-bee9-37e00cde2e73,tenant-local-001
02e9436f-3b0a-4204-82f2-600d41ebe1ec,0c36b3be-9ef9-43c1-89da-b11f0d1daef4,f332b29f-c4cd-40b6-ae96-648b18bc1a76,completed,reports/generated/02e9436f-3b0a-4204-82f2-600d41ebe1ec.docx,,2026-02-27 07:19:08.462,2026-02-27 07:19:12.545,b20b8d56-a445-413e-bee9-37e00cde2e73,tenant-local-001
ce0ba70b-05fe-4a71-9b0f-b96d12c8d44d,a9c1ca39-a116-4ca1-b302-74de523606a5,f332b29f-c4cd-40b6-ae96-648b18bc1a76,completed,tenants/tenant-local-001/reports/generated/ce0ba70b-05fe-4a71-9b0f-b96d12c8d44d.docx,,2026-03-25 03:19:33.195,2026-03-25 03:19:47.828,b20b8d56-a445-413e-bee9-37e00cde2e73,tenant-local-001
0e6ef888-733c-47d8-8288-c88da0471d75,0f00eb65-87d2-4433-a1de-dd4483ab3153,f332b29f-c4cd-40b6-ae96-648b18bc1a76,completed,tenants/tenant-local-001/reports/generated/0e6ef888-733c-47d8-8288-c88da0471d75.docx,,2026-03-25 05:09:21.348,2026-03-25 05:09:22.072,b20b8d56-a445-413e-bee9-37e00cde2e73,tenant-local-001
2e7e3064-e27e-42f4-8df0-c05389e24f99,0f00eb65-87d2-4433-a1de-dd4483ab3153,f332b29f-c4cd-40b6-ae96-648b18bc1a76,completed,tenants/tenant-local-001/reports/generated/2e7e3064-e27e-42f4-8df0-c05389e24f99.docx,,2026-03-25 05:12:28.03,2026-03-25 05:12:28.693,b20b8d56-a445-413e-bee9-37e00cde2e73,tenant-local-001
6426176e-6e2e-4d07-bc79-03d8fb7a0894,f7c26f39-32e0-4974-94bf-b45ebe57473d,f332b29f-c4cd-40b6-ae96-648b18bc1a76,completed,tenants/tenant-local-001/reports/generated/6426176e-6e2e-4d07-bc79-03d8fb7a0894.docx,,2026-03-25 05:23:27.825,2026-03-25 05:23:28.581,b20b8d56-a445-413e-bee9-37e00cde2e73,tenant-local-001
a59e89d2-1695-49c6-b213-03ca5cec90c3,941495d3-a5fb-4a5c-b59f-1c75e59830cd,f332b29f-c4cd-40b6-ae96-648b18bc1a76,completed,tenants/tenant-local-001/reports/generated/a59e89d2-1695-49c6-b213-03ca5cec90c3.docx,,2026-03-25 06:58:40.474,2026-03-25 06:58:41.384,b20b8d56-a445-413e-bee9-37e00cde2e73,tenant-local-001
fafcc343-a107-47ad-a0b6-8cd10fe32841,c34ce939-759a-4437-a254-833c54fa17a3,f332b29f-c4cd-40b6-ae96-648b18bc1a76,completed,tenants/tenant-local-001/reports/generated/fafcc343-a107-47ad-a0b6-8cd10fe32841.docx,,2026-03-25 07:05:15.962,2026-03-25 07:05:16.681,b20b8d56-a445-413e-bee9-37e00cde2e73,tenant-local-001
